season,round,event_name,session_name,session_date,country,location,official_event_name,n_results_rows,n_laps_rows,n_unique_drivers_in_laps,lap_columns_count,results_columns_count,has_compound,has_tyre_life,has_track_status,has_is_personal_best,has_is_accurate,sample_lap_time_seconds_mean,laps_export_path,results_export_path,status
2018,1,Australian Grand Prix,Q,2018-03-24 06:00:00,Australia,Melbourne,FORMULA 1 2018 ROLEX AUSTRALIAN GRAND PRIX,20,287,20,37,26,True,True,True,True,True,97.62446733668342,exports\backfill_qr_raw_laps\2018_R01_Q_laps.csv,exports\backfill_qr_results\2018_R01_Q_results.csv,ok
2018,1,Australian Grand Prix,R,2018-03-25 05:10:00,Australia,Melbourne,FORMULA 1 2018 ROLEX AUSTRALIAN GRAND PRIX,20,940,20,37,26,True,True,True,True,True,93.25805763073636,exports\backfill_qr_raw_laps\2018_R01_R_laps.csv,exports\backfill_qr_results\2018_R01_R_results.csv,ok
2018,2,Bahrain Grand Prix,Q,2018-04-07 15:00:00,Bahrain,Sakhir,FORMULA 1 2018 GULF AIR BAHRAIN GRAND PRIX,20,244,20,37,26,True,True,True,True,True,103.50174683544304,exports\backfill_qr_raw_laps\2018_R02_Q_laps.csv,exports\backfill_qr_results\2018_R02_Q_results.csv,ok
2018,2,Bahrain Grand Prix,R,2018-04-08 15:10:00,Bahrain,Sakhir,FORMULA 1 2018 GULF AIR BAHRAIN GRAND PRIX,20,998,20,37,26,True,True,True,True,True,98.58259696969698,exports\backfill_qr_raw_laps\2018_R02_R_laps.csv,exports\backfill_qr_results\2018_R02_R_results.csv,ok
2018,3,Chinese Grand Prix,Q,2018-04-14 06:00:00,China,Shanghai,FORMULA 1 2018 HEINEKEN CHINESE GRAND PRIX,20,256,20,37,26,True,True,True,True,True,105.79007647058825,exports\backfill_qr_raw_laps\2018_R03_Q_laps.csv,exports\backfill_qr_results\2018_R03_Q_results.csv,ok
2018,3,Chinese Grand Prix,R,2018-04-15 06:10:00,China,Shanghai,FORMULA 1 2018 HEINEKEN CHINESE GRAND PRIX,20,1115,20,37,26,True,True,True,True,True,102.18700273972604,exports\backfill_qr_raw_laps\2018_R03_R_laps.csv,exports\backfill_qr_results\2018_R03_R_results.csv,ok
2018,4,Azerbaijan Grand Prix,Q,2018-04-28 13:00:00,Azerbaijan,Baku,FORMULA 1 2018 AZERBAIJAN GRAND PRIX,20,313,20,37,26,True,True,True,True,True,115.9579,exports\backfill_qr_raw_laps\2018_R04_Q_laps.csv,exports\backfill_qr_results\2018_R04_Q_results.csv,ok
2018,4,Azerbaijan Grand Prix,R,2018-04-29 12:10:00,Azerbaijan,Baku,FORMULA 1 2018 AZERBAIJAN GRAND PRIX,20,848,20,37,26,True,True,True,True,True,112.24794508670522,exports\backfill_qr_raw_laps\2018_R04_R_laps.csv,exports\backfill_qr_results\2018_R04_R_results.csv,ok
2018,5,Spanish Grand Prix,Q,2018-05-12 13:00:00,Spain,Barcelona,FORMULA 1 GRAN PREMIO DE ESPAÑA EMIRATES 2018,20,307,19,37,26,True,True,True,True,True,90.78655251141554,exports\backfill_qr_raw_laps\2018_R05_Q_laps.csv,exports\backfill_qr_results\2018_R05_Q_results.csv,ok
2018,5,Spanish Grand Prix,R,2018-05-13 13:10:00,Spain,Barcelona,FORMULA 1 GRAN PREMIO DE ESPAÑA EMIRATES 2018,20,1021,20,37,26,True,True,True,True,True,88.17775900000001,exports\backfill_qr_raw_laps\2018_R05_R_laps.csv,exports\backfill_qr_results\2018_R05_R_results.csv,ok
2018,6,Monaco Grand Prix,Q,2018-05-26 13:00:00,Monaco,Monte Carlo,FORMULA 1 GRAND PRIX DE MONACO 2018,20,386,19,37,26,True,True,True,True,True,85.60699671052632,exports\backfill_qr_raw_laps\2018_R06_Q_laps.csv,exports\backfill_qr_results\2018_R06_Q_results.csv,ok
2018,6,Monaco Grand Prix,R,2018-05-27 13:10:00,Monaco,Monte Carlo,FORMULA 1 GRAND PRIX DE MONACO 2018,20,1516,20,37,26,True,True,True,True,True,79.8577495042961,exports\backfill_qr_raw_laps\2018_R06_R_laps.csv,exports\backfill_qr_results\2018_R06_R_results.csv,ok
2018,7,Canadian Grand Prix,Q,2018-06-09 18:00:00,Canada,Montréal,FORMULA 1 GRAND PRIX HEINEKEN DU CANADA 2018,20,291,19,37,26,True,True,True,True,True,82.6485,exports\backfill_qr_raw_laps\2018_R07_Q_laps.csv,exports\backfill_qr_results\2018_R07_Q_results.csv,ok
2018,7,Canadian Grand Prix,R,2018-06-10 18:10:00,Canada,Montréal,FORMULA 1 GRAND PRIX HEINEKEN DU CANADA 2018,20,1219,20,37,26,True,True,True,True,True,79.43690542763159,exports\backfill_qr_raw_laps\2018_R07_R_laps.csv,exports\backfill_qr_results\2018_R07_R_results.csv,ok
2018,8,French Grand Prix,Q,2018-06-23 14:00:00,France,Le Castellet,FORMULA 1 PIRELLI GRAND PRIX DE FRANCE 2018,20,332,20,37,26,True,True,True,True,True,107.74882071713148,exports\backfill_qr_raw_laps\2018_R08_Q_laps.csv,exports\backfill_qr_results\2018_R08_Q_results.csv,ok
2018,8,French Grand Prix,R,2018-06-24 14:10:00,France,Le Castellet,FORMULA 1 PIRELLI GRAND PRIX DE FRANCE 2018,20,920,20,37,26,True,True,True,True,True,102.82034301675976,exports\backfill_qr_raw_laps\2018_R08_R_laps.csv,exports\backfill_qr_results\2018_R08_R_results.csv,ok
2018,9,Austrian Grand Prix,Q,2018-06-30 13:00:00,Austria,Spielberg,FORMULA 1 EYETIME GROSSER PREIS VON ÖSTERREICH 2018,20,331,20,37,26,True,True,True,True,True,77.92119834710743,exports\backfill_qr_raw_laps\2018_R09_Q_laps.csv,exports\backfill_qr_results\2018_R09_Q_results.csv,ok
2018,9,Austrian Grand Prix,R,2018-07-01 13:10:00,Austria,Spielberg,FORMULA 1 EYETIME GROSSER PREIS VON ÖSTERREICH 2018,20,1244,20,37,26,True,True,True,True,True,70.74509523809523,exports\backfill_qr_raw_laps\2018_R09_R_laps.csv,exports\backfill_qr_results\2018_R09_R_results.csv,ok
2018,10,British Grand Prix,Q,2018-07-07 13:00:00,Great Britain,Silverstone,FORMULA 1 2018 ROLEX BRITISH GRAND PRIX,20,264,19,37,26,True,True,True,True,True,101.44865680473372,exports\backfill_qr_raw_laps\2018_R10_Q_laps.csv,exports\backfill_qr_results\2018_R10_Q_results.csv,ok
2018,10,British Grand Prix,R,2018-07-08 13:10:00,Great Britain,Silverstone,FORMULA 1 2018 ROLEX BRITISH GRAND PRIX,20,902,20,37,26,True,True,True,True,True,100.98394407158835,exports\backfill_qr_raw_laps\2018_R10_R_laps.csv,exports\backfill_qr_results\2018_R10_R_results.csv,ok
2018,11,German Grand Prix,Q,2018-07-21 13:00:00,Germany,Hockenheim,FORMULA 1 EMIRATES GROSSER PREIS VON DEUTSCHLAND 2018,20,286,20,37,26,True,True,True,True,True,89.72398009950248,exports\backfill_qr_raw_laps\2018_R11_Q_laps.csv,exports\backfill_qr_results\2018_R11_Q_results.csv,ok
2018,11,German Grand Prix,R,2018-07-22 13:10:00,Germany,Hockenheim,FORMULA 1 EMIRATES GROSSER PREIS VON DEUTSCHLAND 2018,20,1252,20,37,26,True,True,True,True,True,83.21108000000001,exports\backfill_qr_raw_laps\2018_R11_R_laps.csv,exports\backfill_qr_results\2018_R11_R_results.csv,ok
2018,12,Hungarian Grand Prix,Q,2018-07-28 13:00:00,Hungary,Budapest,FORMULA 1 ROLEX MAGYAR NAGYDÍJ 2018,20,402,20,37,26,True,True,True,True,True,99.0693705882353,exports\backfill_qr_raw_laps\2018_R12_Q_laps.csv,exports\backfill_qr_results\2018_R12_Q_results.csv,ok
2018,12,Hungarian Grand Prix,R,2018-07-29 13:10:00,Hungary,Budapest,FORMULA 1 ROLEX MAGYAR NAGYDÍJ 2018,20,1233,20,37,26,True,True,True,True,True,85.05430162601625,exports\backfill_qr_raw_laps\2018_R12_R_laps.csv,exports\backfill_qr_results\2018_R12_R_results.csv,ok
2018,13,Belgian Grand Prix,Q,2018-08-25 13:00:00,Belgium,Spa-Francorchamps,FORMULA 1 2018 JOHNNIE WALKER BELGIAN GRAND PRIX,20,237,20,37,26,True,True,True,True,True,120.02356756756755,exports\backfill_qr_raw_laps\2018_R13_Q_laps.csv,exports\backfill_qr_results\2018_R13_Q_results.csv,ok
2018,13,Belgian Grand Prix,R,2018-08-26 13:10:00,Belgium,Spa-Francorchamps,FORMULA 1 2018 JOHNNIE WALKER BELGIAN GRAND PRIX,20,693,20,37,26,True,True,True,True,True,111.97046333853352,exports\backfill_qr_raw_laps\2018_R13_R_laps.csv,exports\backfill_qr_results\2018_R13_R_results.csv,ok
2018,14,Italian Grand Prix,Q,2018-09-01 13:00:00,Italy,Monza,FORMULA 1 GRAN PREMIO HEINEKEN D'ITALIA 2018,20,284,20,37,26,True,True,True,True,True,94.00800970873787,exports\backfill_qr_raw_laps\2018_R14_Q_laps.csv,exports\backfill_qr_results\2018_R14_Q_results.csv,ok
2018,14,Italian Grand Prix,R,2018-09-02 13:10:00,Italy,Monza,FORMULA 1 GRAN PREMIO HEINEKEN D'ITALIA 2018,20,927,20,37,26,True,True,True,True,True,88.63380972972973,exports\backfill_qr_raw_laps\2018_R14_R_laps.csv,exports\backfill_qr_results\2018_R14_R_results.csv,ok
2018,15,Singapore Grand Prix,Q,2018-09-15 13:00:00,Singapore,Singapore,FORMULA 1 2018 SINGAPORE AIRLINES SINGAPORE GRAND PRIX,20,269,20,37,26,True,True,True,True,True,116.2346424242424,exports\backfill_qr_raw_laps\2018_R15_Q_laps.csv,exports\backfill_qr_results\2018_R15_Q_results.csv,ok
2018,15,Singapore Grand Prix,R,2018-09-16 12:10:00,Singapore,Singapore,FORMULA 1 2018 SINGAPORE AIRLINES SINGAPORE GRAND PRIX,20,1146,20,37,26,True,True,True,True,True,109.12285059578367,exports\backfill_qr_raw_laps\2018_R15_R_laps.csv,exports\backfill_qr_results\2018_R15_R_results.csv,ok
2018,16,Russian Grand Prix,Q,2018-09-29 12:00:00,Russia,Sochi,FORMULA 1 2018 VTB RUSSIAN GRAND PRIX,20,232,20,37,26,True,True,True,True,True,108.38251063829787,exports\backfill_qr_raw_laps\2018_R16_Q_laps.csv,exports\backfill_qr_results\2018_R16_Q_results.csv,ok
2018,16,Russian Grand Prix,R,2018-09-30 11:10:00,Russia,Sochi,FORMULA 1 2018 VTB RUSSIAN GRAND PRIX,20,948,20,37,26,True,True,True,True,True,101.17933474128826,exports\backfill_qr_raw_laps\2018_R16_R_laps.csv,exports\backfill_qr_results\2018_R16_R_results.csv,ok
2018,17,Japanese Grand Prix,Q,2018-10-06 06:00:00,Japan,Suzuka,FORMULA 1 2018 HONDA JAPANESE GRAND PRIX,20,221,20,37,26,True,True,True,True,True,106.38947154471543,exports\backfill_qr_raw_laps\2018_R17_Q_laps.csv,exports\backfill_qr_results\2018_R17_Q_results.csv,ok
2018,17,Japanese Grand Prix,R,2018-10-07 05:10:00,Japan,Suzuka,FORMULA 1 2018 HONDA JAPANESE GRAND PRIX,20,977,20,37,26,True,True,True,True,True,100.65845829042226,exports\backfill_qr_raw_laps\2018_R17_R_laps.csv,exports\backfill_qr_results\2018_R17_R_results.csv,ok
2018,18,United States Grand Prix,Q,2018-10-20 21:00:00,United States,Austin,FORMULA 1 PIRELLI 2018 UNITED STATES GRAND PRIX,20,256,20,37,26,True,True,True,True,True,109.59998850574712,exports\backfill_qr_raw_laps\2018_R18_Q_laps.csv,exports\backfill_qr_results\2018_R18_Q_results.csv,ok
2018,18,United States Grand Prix,R,2018-10-21 18:10:00,United States,Austin,FORMULA 1 PIRELLI 2018 UNITED STATES GRAND PRIX,20,932,20,37,26,True,True,True,True,True,102.93924623655914,exports\backfill_qr_raw_laps\2018_R18_R_laps.csv,exports\backfill_qr_results\2018_R18_R_results.csv,ok
2018,19,Mexican Grand Prix,Q,2018-10-27 19:00:00,Mexico,Mexico City,FORMULA 1 GRAN PREMIO DE MÉXICO 2018,20,286,20,37,26,True,True,True,True,True,88.50324873096446,exports\backfill_qr_raw_laps\2018_R19_Q_laps.csv,exports\backfill_qr_results\2018_R19_Q_results.csv,ok
2018,19,Mexican Grand Prix,R,2018-10-28 19:10:00,Mexico,Mexico City,FORMULA 1 GRAN PREMIO DE MÉXICO 2018,20,1245,20,37,26,True,True,True,True,True,85.64042431561997,exports\backfill_qr_raw_laps\2018_R19_R_laps.csv,exports\backfill_qr_results\2018_R19_R_results.csv,ok
2018,20,Brazilian Grand Prix,Q,2018-11-10 17:00:00,Brazil,São Paulo,FORMULA 1 GRANDE PRÊMIO HEINEKEN DO BRASIL 2018,20,300,20,37,26,True,True,True,True,True,81.90445853658537,exports\backfill_qr_raw_laps\2018_R20_Q_laps.csv,exports\backfill_qr_results\2018_R20_Q_results.csv,ok
2018,20,Brazilian Grand Prix,R,2018-11-11 17:10:00,Brazil,São Paulo,FORMULA 1 GRANDE PRÊMIO HEINEKEN DO BRASIL 2018,20,1318,20,37,26,True,True,True,True,True,74.91394153378891,exports\backfill_qr_raw_laps\2018_R20_R_laps.csv,exports\backfill_qr_results\2018_R20_R_results.csv,ok
2018,21,Abu Dhabi Grand Prix,Q,2018-11-24 13:00:00,United Arab Emirates,Yas Marina,FORMULA 1 2018 ETIHAD AIRWAYS ABU DHABI GRAND PRIX,20,270,20,37,26,True,True,True,True,True,111.96407182320442,exports\backfill_qr_raw_laps\2018_R21_Q_laps.csv,exports\backfill_qr_results\2018_R21_Q_results.csv,ok
2018,21,Abu Dhabi Grand Prix,R,2018-11-25 13:10:00,United Arab Emirates,Yas Marina,FORMULA 1 2018 ETIHAD AIRWAYS ABU DHABI GRAND PRIX,20,943,20,37,26,True,True,True,True,True,107.93975482406356,exports\backfill_qr_raw_laps\2018_R21_R_laps.csv,exports\backfill_qr_results\2018_R21_R_results.csv,ok
2019,1,Australian Grand Prix,Q,2019-03-16 06:00:00,Australia,Melbourne,FORMULA 1 ROLEX AUSTRALIAN GRAND PRIX 2019,20,273,20,37,26,True,True,True,True,True,100.0680904255319,exports\backfill_qr_raw_laps\2019_R01_Q_laps.csv,exports\backfill_qr_results\2019_R01_Q_results.csv,ok
2019,1,Australian Grand Prix,R,2019-03-17 05:10:00,Australia,Melbourne,FORMULA 1 ROLEX AUSTRALIAN GRAND PRIX 2019,20,1041,20,37,26,True,True,True,True,True,90.42098265895952,exports\backfill_qr_raw_laps\2019_R01_R_laps.csv,exports\backfill_qr_results\2019_R01_R_results.csv,ok
2019,2,Bahrain Grand Prix,Q,2019-03-30 15:00:00,Bahrain,Sakhir,FORMULA 1 GULF AIR BAHRAIN GRAND PRIX 2019,20,248,20,37,26,True,True,True,True,True,102.36383536585367,exports\backfill_qr_raw_laps\2019_R02_Q_laps.csv,exports\backfill_qr_results\2019_R02_Q_results.csv,ok
2019,2,Bahrain Grand Prix,R,2019-03-31 15:10:00,Bahrain,Sakhir,FORMULA 1 GULF AIR BAHRAIN GRAND PRIX 2019,20,1083,20,37,26,True,True,True,True,True,100.3079101851852,exports\backfill_qr_raw_laps\2019_R02_R_laps.csv,exports\backfill_qr_results\2019_R02_R_results.csv,ok
2019,3,Chinese Grand Prix,Q,2019-04-13 06:00:00,China,Shanghai,FORMULA 1 HEINEKEN CHINESE GRAND PRIX 2019,20,240,19,37,26,True,True,True,True,True,108.30798101265825,exports\backfill_qr_raw_laps\2019_R03_Q_laps.csv,exports\backfill_qr_results\2019_R03_Q_results.csv,ok
2019,3,Chinese Grand Prix,R,2019-04-14 06:10:00,China,Shanghai,FORMULA 1 HEINEKEN CHINESE GRAND PRIX 2019,20,1046,20,37,26,True,True,True,True,True,100.89712045889102,exports\backfill_qr_raw_laps\2019_R03_R_laps.csv,exports\backfill_qr_results\2019_R03_R_results.csv,ok
2019,4,Azerbaijan Grand Prix,Q,2019-04-27 13:00:00,Azerbaijan,Baku,FORMULA 1 SOCAR AZERBAIJAN GRAND PRIX 2019,20,309,20,37,26,True,True,True,True,True,115.374200913242,exports\backfill_qr_raw_laps\2019_R04_Q_laps.csv,exports\backfill_qr_results\2019_R04_Q_results.csv,ok
2019,4,Azerbaijan Grand Prix,R,2019-04-28 12:10:00,Azerbaijan,Baku,FORMULA 1 SOCAR AZERBAIJAN GRAND PRIX 2019,20,948,20,37,26,True,True,True,True,True,110.16152330508474,exports\backfill_qr_raw_laps\2019_R04_R_laps.csv,exports\backfill_qr_results\2019_R04_R_results.csv,ok
2019,5,Spanish Grand Prix,Q,2019-05-11 13:00:00,Spain,Barcelona,FORMULA 1 EMIRATES GRAN PREMIO DE ESPAÑA 2019,20,277,20,37,26,True,True,True,True,True,91.01927472527474,exports\backfill_qr_raw_laps\2019_R05_Q_laps.csv,exports\backfill_qr_results\2019_R05_Q_results.csv,ok
2019,5,Spanish Grand Prix,R,2019-05-12 13:10:00,Spain,Barcelona,FORMULA 1 EMIRATES GRAN PREMIO DE ESPAÑA 2019,20,1276,20,37,26,True,True,True,True,True,87.44184355345911,exports\backfill_qr_raw_laps\2019_R05_R_laps.csv,exports\backfill_qr_results\2019_R05_R_results.csv,ok
2019,6,Monaco Grand Prix,Q,2019-05-25 13:00:00,Monaco,Monte Carlo,FORMULA 1 GRAND PRIX DE MONACO 2019,20,427,20,37,26,True,True,True,True,True,82.88523699421965,exports\backfill_qr_raw_laps\2019_R06_Q_laps.csv,exports\backfill_qr_results\2019_R06_Q_results.csv,ok
2019,6,Monaco Grand Prix,R,2019-05-26 13:10:00,Monaco,Monte Carlo,FORMULA 1 GRAND PRIX DE MONACO 2019,20,1490,20,37,26,True,True,True,True,True,80.58734654130289,exports\backfill_qr_raw_laps\2019_R06_R_laps.csv,exports\backfill_qr_results\2019_R06_R_results.csv,ok
2019,7,Canadian Grand Prix,Q,2019-06-08 18:00:00,Canada,Montréal,FORMULA 1 PIRELLI GRAND PRIX DU CANADA 2019,20,317,20,37,26,True,True,True,True,True,84.26139240506329,exports\backfill_qr_raw_laps\2019_R07_Q_laps.csv,exports\backfill_qr_results\2019_R07_Q_results.csv,ok
2019,7,Canadian Grand Prix,R,2019-06-09 18:10:00,Canada,Montréal,FORMULA 1 PIRELLI GRAND PRIX DU CANADA 2019,20,1312,20,37,26,True,True,True,True,True,78.02366946564885,exports\backfill_qr_raw_laps\2019_R07_R_laps.csv,exports\backfill_qr_results\2019_R07_R_results.csv,ok
2019,8,French Grand Prix,Q,2019-06-22 13:00:00,France,Le Castellet,FORMULA 1 PIRELLI GRAND PRIX DE FRANCE 2019,20,309,20,37,26,True,True,True,True,True,109.00309049773756,exports\backfill_qr_raw_laps\2019_R08_Q_laps.csv,exports\backfill_qr_results\2019_R08_Q_results.csv,ok
2019,8,French Grand Prix,R,2019-06-23 13:10:00,France,Le Castellet,FORMULA 1 PIRELLI GRAND PRIX DE FRANCE 2019,20,1037,20,37,26,True,True,True,True,True,97.77185907335908,exports\backfill_qr_raw_laps\2019_R08_R_laps.csv,exports\backfill_qr_results\2019_R08_R_results.csv,ok
2019,9,Austrian Grand Prix,Q,2019-06-29 13:00:00,Austria,Spielberg,FORMULA 1 MYWORLD GROSSER PREIS VON ÖSTERREICH 2019,20,314,20,37,26,True,True,True,True,True,78.38218385650224,exports\backfill_qr_raw_laps\2019_R09_Q_laps.csv,exports\backfill_qr_results\2019_R09_Q_results.csv,ok
2019,9,Austrian Grand Prix,R,2019-06-30 13:10:00,Austria,Spielberg,FORMULA 1 MYWORLD GROSSER PREIS VON ÖSTERREICH 2019,20,1401,20,37,26,True,True,True,True,True,70.58727123483227,exports\backfill_qr_raw_laps\2019_R09_R_laps.csv,exports\backfill_qr_results\2019_R09_R_results.csv,ok
2019,10,British Grand Prix,Q,2019-07-13 13:00:00,Great Britain,Silverstone,FORMULA 1 ROLEX BRITISH GRAND PRIX 2019,20,330,20,37,26,True,True,True,True,True,97.8914732510288,exports\backfill_qr_raw_laps\2019_R10_Q_laps.csv,exports\backfill_qr_results\2019_R10_Q_results.csv,ok
2019,10,British Grand Prix,R,2019-07-14 13:10:00,Great Britain,Silverstone,FORMULA 1 ROLEX BRITISH GRAND PRIX 2019,20,914,20,37,26,True,True,True,True,True,95.01930811403508,exports\backfill_qr_raw_laps\2019_R10_R_laps.csv,exports\backfill_qr_results\2019_R10_R_results.csv,ok
2019,11,German Grand Prix,Q,2019-07-27 13:00:00,Germany,Hockenheim,FORMULA 1 MERCEDES-BENZ GROSSER PREIS VON DEUTSCHLAND 2019,20,277,20,37,26,True,True,True,True,True,89.07064171122994,exports\backfill_qr_raw_laps\2019_R11_Q_laps.csv,exports\backfill_qr_results\2019_R11_Q_results.csv,ok
2019,11,German Grand Prix,R,2019-07-28 13:10:00,Germany,Hockenheim,FORMULA 1 MERCEDES-BENZ GROSSER PREIS VON DEUTSCHLAND 2019,20,1059,20,37,26,True,True,True,True,True,98.22149714285716,exports\backfill_qr_raw_laps\2019_R11_R_laps.csv,exports\backfill_qr_results\2019_R11_R_results.csv,ok
2019,12,Hungarian Grand Prix,Q,2019-08-03 13:00:00,Hungary,Budapest,FORMULA 1 ROLEX MAGYAR NAGYDÍJ 2019,20,293,20,37,26,True,True,True,True,True,88.62082412060302,exports\backfill_qr_raw_laps\2019_R12_Q_laps.csv,exports\backfill_qr_results\2019_R12_Q_results.csv,ok
2019,12,Hungarian Grand Prix,R,2019-08-04 13:10:00,Hungary,Budapest,FORMULA 1 ROLEX MAGYAR NAGYDÍJ 2019,20,1358,20,37,26,True,True,True,True,True,83.52930854197348,exports\backfill_qr_raw_laps\2019_R12_R_laps.csv,exports\backfill_qr_results\2019_R12_R_results.csv,ok
2019,13,Belgian Grand Prix,Q,2019-08-31 13:00:00,Belgium,Spa-Francorchamps,FORMULA 1 JOHNNIE WALKER BELGIAN GRAND PRIX 2019,20,242,20,37,26,True,True,True,True,True,117.54850427350426,exports\backfill_qr_raw_laps\2019_R13_Q_laps.csv,exports\backfill_qr_results\2019_R13_Q_results.csv,ok
2019,13,Belgian Grand Prix,R,2019-09-01 13:10:00,Belgium,Spa-Francorchamps,FORMULA 1 JOHNNIE WALKER BELGIAN GRAND PRIX 2019,20,787,20,37,26,True,True,True,True,True,112.10270547945208,exports\backfill_qr_raw_laps\2019_R13_R_laps.csv,exports\backfill_qr_results\2019_R13_R_results.csv,ok
2019,14,Italian Grand Prix,Q,2019-09-07 13:00:00,Italy,Monza,FORMULA 1 GRAN PREMIO HEINEKEN D'ITALIA 2019,20,275,20,37,26,True,True,True,True,True,94.52693975903615,exports\backfill_qr_raw_laps\2019_R14_Q_laps.csv,exports\backfill_qr_results\2019_R14_Q_results.csv,ok
2019,14,Italian Grand Prix,R,2019-09-08 13:10:00,Italy,Monza,FORMULA 1 GRAN PREMIO HEINEKEN D'ITALIA 2019,20,991,20,37,26,True,True,True,True,True,87.150301010101,exports\backfill_qr_raw_laps\2019_R14_R_laps.csv,exports\backfill_qr_results\2019_R14_R_results.csv,ok
2019,15,Singapore Grand Prix,Q,2019-09-21 13:00:00,Singapore,Singapore,FORMULA 1 SINGAPORE AIRLINES SINGAPORE GRAND PRIX 2019,20,278,20,37,26,True,True,True,True,True,114.00773684210526,exports\backfill_qr_raw_laps\2019_R15_Q_laps.csv,exports\backfill_qr_results\2019_R15_Q_results.csv,ok
2019,15,Singapore Grand Prix,R,2019-09-22 12:10:00,Singapore,Singapore,FORMULA 1 SINGAPORE AIRLINES SINGAPORE GRAND PRIX 2019,20,1165,20,37,26,True,True,True,True,True,111.2053835748792,exports\backfill_qr_raw_laps\2019_R15_R_laps.csv,exports\backfill_qr_results\2019_R15_R_results.csv,ok
2019,16,Russian Grand Prix,Q,2019-09-28 12:00:00,Russia,Sochi,FORMULA 1 VTB RUSSIAN GRAND PRIX 2019,20,277,19,37,26,True,True,True,True,True,107.64807602339184,exports\backfill_qr_raw_laps\2019_R16_Q_laps.csv,exports\backfill_qr_results\2019_R16_Q_results.csv,ok
2019,16,Russian Grand Prix,R,2019-09-29 11:10:00,Russia,Sochi,FORMULA 1 VTB RUSSIAN GRAND PRIX 2019,20,901,20,37,26,True,True,True,True,True,103.6433147928994,exports\backfill_qr_raw_laps\2019_R16_R_laps.csv,exports\backfill_qr_results\2019_R16_R_results.csv,ok
2019,17,Japanese Grand Prix,Q,2019-10-13 01:00:00,Japan,Suzuka,FORMULA 1 JAPANESE GRAND PRIX 2019,20,287,20,37,26,True,True,True,True,True,101.41288050314466,exports\backfill_qr_raw_laps\2019_R17_Q_laps.csv,exports\backfill_qr_results\2019_R17_Q_results.csv,ok
2019,17,Japanese Grand Prix,R,2019-10-13 05:10:00,Japan,Suzuka,FORMULA 1 JAPANESE GRAND PRIX 2019,20,1005,20,37,26,True,True,True,True,True,96.6291892430279,exports\backfill_qr_raw_laps\2019_R17_R_laps.csv,exports\backfill_qr_results\2019_R17_R_results.csv,ok
2019,18,Mexican Grand Prix,Q,2019-10-26 19:00:00,Mexico,Mexico City,FORMULA 1 GRAN PREMIO DE MÉXICO 2019,20,303,20,37,26,True,True,True,True,True,88.24800467289718,exports\backfill_qr_raw_laps\2019_R18_Q_laps.csv,exports\backfill_qr_results\2019_R18_Q_results.csv,ok
2019,18,Mexican Grand Prix,R,2019-10-27 19:10:00,Mexico,Mexico City,FORMULA 1 GRAN PREMIO DE MÉXICO 2019,20,1370,20,37,26,True,True,True,True,True,83.29072680788897,exports\backfill_qr_raw_laps\2019_R18_R_laps.csv,exports\backfill_qr_results\2019_R18_R_results.csv,ok
2019,19,United States Grand Prix,Q,2019-11-02 22:00:00,United States,Austin,FORMULA 1 EMIRATES UNITED STATES GRAND PRIX 2019,20,270,20,37,26,True,True,True,True,True,106.87171657754013,exports\backfill_qr_raw_laps\2019_R19_Q_laps.csv,exports\backfill_qr_results\2019_R19_Q_results.csv,ok
2019,19,United States Grand Prix,R,2019-11-03 19:10:00,United States,Austin,FORMULA 1 EMIRATES UNITED STATES GRAND PRIX 2019,20,1032,20,37,26,True,True,True,True,True,102.68034757281552,exports\backfill_qr_raw_laps\2019_R19_R_laps.csv,exports\backfill_qr_results\2019_R19_R_results.csv,ok
2019,20,Brazilian Grand Prix,Q,2019-11-16 18:00:00,Brazil,São Paulo,FORMULA 1 HEINEKEN GRANDE PRÊMIO DO BRASIL 2019,20,271,20,37,26,True,True,True,True,True,80.985625,exports\backfill_qr_raw_laps\2019_R20_Q_laps.csv,exports\backfill_qr_results\2019_R20_Q_results.csv,ok
2019,20,Brazilian Grand Prix,R,2019-11-17 17:10:00,Brazil,São Paulo,FORMULA 1 HEINEKEN GRANDE PRÊMIO DO BRASIL 2019,20,1385,20,37,26,True,True,True,True,True,78.5859811457578,exports\backfill_qr_raw_laps\2019_R20_R_laps.csv,exports\backfill_qr_results\2019_R20_R_results.csv,ok
2019,21,Abu Dhabi Grand Prix,Q,2019-11-30 13:00:00,Abu Dhabi,Yas Island,FORMULA 1 ETIHAD AIRWAYS ABU DHABI GRAND PRIX 2019,20,267,20,37,26,True,True,True,True,True,111.9221325966851,exports\backfill_qr_raw_laps\2019_R21_Q_laps.csv,exports\backfill_qr_results\2019_R21_Q_results.csv,ok
2019,21,Abu Dhabi Grand Prix,R,2019-12-01 13:10:00,Abu Dhabi,Yas Island,FORMULA 1 ETIHAD AIRWAYS ABU DHABI GRAND PRIX 2019,20,1075,20,37,26,True,True,True,True,True,104.93876722532588,exports\backfill_qr_raw_laps\2019_R21_R_laps.csv,exports\backfill_qr_results\2019_R21_R_results.csv,ok
2020,1,Austrian Grand Prix,Q,2020-07-04 13:00:00,Austria,Spielberg,FORMULA 1 ROLEX GROSSER PREIS VON ÖSTERREICH 2020,20,298,20,37,26,True,True,True,True,True,76.32752709359606,exports\backfill_qr_raw_laps\2020_R01_Q_laps.csv,exports\backfill_qr_results\2020_R01_Q_results.csv,ok
2020,1,Austrian Grand Prix,R,2020-07-05 13:10:00,Austria,Spielberg,FORMULA 1 ROLEX GROSSER PREIS VON ÖSTERREICH 2020,20,1061,20,37,26,True,True,True,True,True,77.04799616490891,exports\backfill_qr_raw_laps\2020_R01_R_laps.csv,exports\backfill_qr_results\2020_R01_R_results.csv,ok
2020,2,Styrian Grand Prix,Q,2020-07-11 13:00:00,Austria,Spielberg,FORMULA 1 PIRELLI GROSSER PREIS DER STEIERMARK 2020,20,495,20,37,26,True,True,True,True,True,85.8672742316785,exports\backfill_qr_raw_laps\2020_R02_Q_laps.csv,exports\backfill_qr_results\2020_R02_Q_results.csv,ok
2020,2,Styrian Grand Prix,R,2020-07-12 13:10:00,Austria,Spielberg,FORMULA 1 PIRELLI GROSSER PREIS DER STEIERMARK 2020,20,1226,20,37,26,True,True,True,True,True,71.36690367346938,exports\backfill_qr_raw_laps\2020_R02_R_laps.csv,exports\backfill_qr_results\2020_R02_R_results.csv,ok
2020,3,Hungarian Grand Prix,Q,2020-07-18 13:00:00,Hungary,Budapest,FORMULA 1 ARAMCO MAGYAR NAGYDÍJ 2020,20,324,20,37,26,True,True,True,True,True,87.52970175438595,exports\backfill_qr_raw_laps\2020_R03_Q_laps.csv,exports\backfill_qr_results\2020_R03_Q_results.csv,ok
2020,3,Hungarian Grand Prix,R,2020-07-19 13:10:00,Hungary,Budapest,FORMULA 1 ARAMCO MAGYAR NAGYDÍJ 2020,20,1327,20,37,26,True,True,True,True,True,84.12020889894418,exports\backfill_qr_raw_laps\2020_R03_R_laps.csv,exports\backfill_qr_results\2020_R03_R_results.csv,ok
2020,4,British Grand Prix,Q,2020-08-01 13:00:00,Great Britain,Silverstone,FORMULA 1 PIRELLI BRITISH GRAND PRIX 2020,20,295,20,37,26,True,True,True,True,True,98.89515789473684,exports\backfill_qr_raw_laps\2020_R04_Q_laps.csv,exports\backfill_qr_results\2020_R04_Q_results.csv,ok
2020,4,British Grand Prix,R,2020-08-02 13:10:00,Great Britain,Silverstone,FORMULA 1 PIRELLI BRITISH GRAND PRIX 2020,20,898,20,37,26,True,True,True,True,True,97.20713284132842,exports\backfill_qr_raw_laps\2020_R04_R_laps.csv,exports\backfill_qr_results\2020_R04_R_results.csv,ok
2020,5,70th Anniversary Grand Prix,Q,2020-08-08 13:00:00,Great Britain,Silverstone,EMIRATES FORMULA 1 70TH ANNIVERSARY GRAND PRIX 2020,20,270,20,37,26,True,True,True,True,True,99.15386627906976,exports\backfill_qr_raw_laps\2020_R05_Q_laps.csv,exports\backfill_qr_results\2020_R05_Q_results.csv,ok
2020,5,70th Anniversary Grand Prix,R,2020-08-09 13:10:00,Great Britain,Silverstone,EMIRATES FORMULA 1 70TH ANNIVERSARY GRAND PRIX 2020,20,1025,20,37,26,True,True,True,True,True,93.38448975609758,exports\backfill_qr_raw_laps\2020_R05_R_laps.csv,exports\backfill_qr_results\2020_R05_R_results.csv,ok
2020,6,Spanish Grand Prix,Q,2020-08-15 13:00:00,Spain,Barcelona,FORMULA 1 ARAMCO GRAN PREMIO DE ESPAÑA 2020,20,260,20,37,26,True,True,True,True,True,89.05761349693252,exports\backfill_qr_raw_laps\2020_R06_Q_laps.csv,exports\backfill_qr_results\2020_R06_Q_results.csv,ok
2020,6,Spanish Grand Prix,R,2020-08-16 13:10:00,Spain,Barcelona,FORMULA 1 ARAMCO GRAN PREMIO DE ESPAÑA 2020,20,1274,20,37,26,True,True,True,True,True,85.3050070643642,exports\backfill_qr_raw_laps\2020_R06_R_laps.csv,exports\backfill_qr_results\2020_R06_R_results.csv,ok
2020,7,Belgian Grand Prix,Q,2020-08-29 13:00:00,Belgium,Spa-Francorchamps,FORMULA 1 ROLEX BELGIAN GRAND PRIX 2020,20,243,20,37,26,True,True,True,True,True,117.48605479452054,exports\backfill_qr_raw_laps\2020_R07_Q_laps.csv,exports\backfill_qr_results\2020_R07_Q_results.csv,ok
2020,7,Belgian Grand Prix,R,2020-08-30 13:10:00,Belgium,Spa-Francorchamps,FORMULA 1 ROLEX BELGIAN GRAND PRIX 2020,20,769,20,37,26,True,True,True,True,True,111.23903982930298,exports\backfill_qr_raw_laps\2020_R07_R_laps.csv,exports\backfill_qr_results\2020_R07_R_results.csv,ok
2020,8,Italian Grand Prix,Q,2020-09-05 13:00:00,Italy,Monza,FORMULA 1 GRAN PREMIO HEINEKEN D’ITALIA 2020,20,284,20,37,26,True,True,True,True,True,91.96802732240435,exports\backfill_qr_raw_laps\2020_R08_Q_laps.csv,exports\backfill_qr_results\2020_R08_Q_results.csv,ok
2020,8,Italian Grand Prix,R,2020-09-06 13:10:00,Italy,Monza,FORMULA 1 GRAN PREMIO HEINEKEN D’ITALIA 2020,20,926,20,37,26,True,True,True,True,True,90.29627784026997,exports\backfill_qr_raw_laps\2020_R08_R_laps.csv,exports\backfill_qr_results\2020_R08_R_results.csv,ok
2020,9,Tuscan Grand Prix,Q,2020-09-12 13:00:00,Italy,Mugello,FORMULA 1 PIRELLI GRAN PREMIO DELLA TOSCANA FERRARI 1000 2020,20,239,20,37,26,True,True,True,True,True,100.62082781456954,exports\backfill_qr_raw_laps\2020_R09_Q_laps.csv,exports\backfill_qr_results\2020_R09_Q_results.csv,ok
2020,9,Tuscan Grand Prix,R,2020-09-13 13:10:00,Italy,Mugello,FORMULA 1 PIRELLI GRAN PREMIO DELLA TOSCANA FERRARI 1000 2020,20,786,20,37,26,True,True,True,True,True,93.22782369146005,exports\backfill_qr_raw_laps\2020_R09_R_laps.csv,exports\backfill_qr_results\2020_R09_R_results.csv,ok
2020,10,Russian Grand Prix,Q,2020-09-26 12:00:00,Russia,Sochi,FORMULA 1 VTB RUSSIAN GRAND PRIX 2020,20,273,20,37,26,True,True,True,True,True,107.07972483221477,exports\backfill_qr_raw_laps\2020_R10_Q_laps.csv,exports\backfill_qr_results\2020_R10_Q_results.csv,ok
2020,10,Russian Grand Prix,R,2020-09-27 11:10:00,Russia,Sochi,FORMULA 1 VTB RUSSIAN GRAND PRIX 2020,20,948,20,37,26,True,True,True,True,True,102.69189359267736,exports\backfill_qr_raw_laps\2020_R10_R_laps.csv,exports\backfill_qr_results\2020_R10_R_results.csv,ok
2020,11,Eifel Grand Prix,Q,2020-10-10 13:00:00,Germany,Nürburgring,FORMULA 1 ARAMCO GROSSER PREIS DER EIFEL 2020,20,302,20,37,26,True,True,True,True,True,100.2246898148148,exports\backfill_qr_raw_laps\2020_R11_Q_laps.csv,exports\backfill_qr_results\2020_R11_Q_results.csv,ok
2020,11,Eifel Grand Prix,R,2020-10-11 12:10:00,Germany,Nürburgring,FORMULA 1 ARAMCO GROSSER PREIS DER EIFEL 2020,20,1019,20,37,26,True,True,True,True,True,95.9291137487636,exports\backfill_qr_raw_laps\2020_R11_R_laps.csv,exports\backfill_qr_results\2020_R11_R_results.csv,ok
2020,12,Portuguese Grand Prix,Q,2020-10-24 14:00:00,Portugal,Portimão,FORMULA 1 HEINEKEN GRANDE PRÉMIO DE PORTUGAL 2020,20,381,20,37,26,True,True,True,True,True,87.87653401360545,exports\backfill_qr_raw_laps\2020_R12_Q_laps.csv,exports\backfill_qr_results\2020_R12_Q_results.csv,ok
2020,12,Portuguese Grand Prix,R,2020-10-25 13:10:00,Portugal,Portimão,FORMULA 1 HEINEKEN GRANDE PRÉMIO DE PORTUGAL 2020,20,1288,20,37,26,True,True,True,True,True,83.51684860248447,exports\backfill_qr_raw_laps\2020_R12_R_laps.csv,exports\backfill_qr_results\2020_R12_R_results.csv,ok
2020,13,Emilia Romagna Grand Prix,Q,2020-10-31 13:00:00,Italy,Imola,FORMULA 1 EMIRATES GRAN PREMIO DELL'EMILIA ROMAGNA 2020,20,330,20,37,26,True,True,True,True,True,87.77826382978724,exports\backfill_qr_raw_laps\2020_R13_Q_laps.csv,exports\backfill_qr_results\2020_R13_Q_results.csv,ok
2020,13,Emilia Romagna Grand Prix,R,2020-11-01 12:10:00,Italy,Imola,FORMULA 1 EMIRATES GRAN PREMIO DELL'EMILIA ROMAGNA 2020,20,1131,20,37,26,True,True,True,True,True,84.14757180851065,exports\backfill_qr_raw_laps\2020_R13_R_laps.csv,exports\backfill_qr_results\2020_R13_R_results.csv,ok
2020,14,Turkish Grand Prix,Q,2020-11-14 12:00:00,Turkey,Istanbul,FORMULA 1 DHL TURKISH GRAND PRIX 2020,20,378,20,37,26,True,True,True,True,True,123.67733064516128,exports\backfill_qr_raw_laps\2020_R14_Q_laps.csv,exports\backfill_qr_results\2020_R14_Q_results.csv,ok
2020,14,Turkish Grand Prix,R,2020-11-15 10:10:00,Turkey,Istanbul,FORMULA 1 DHL TURKISH GRAND PRIX 2020,20,1077,20,37,26,True,True,True,True,True,108.04241488372094,exports\backfill_qr_raw_laps\2020_R14_R_laps.csv,exports\backfill_qr_results\2020_R14_R_results.csv,ok
2020,15,Bahrain Grand Prix,Q,2020-11-28 14:00:00,Bahrain,Sakhir,FORMULA 1 GULF AIR BAHRAIN GRAND PRIX 2020,20,243,20,37,26,True,True,True,True,True,101.53896296296296,exports\backfill_qr_raw_laps\2020_R15_Q_laps.csv,exports\backfill_qr_results\2020_R15_Q_results.csv,ok
2020,15,Bahrain Grand Prix,R,2020-11-29 14:10:00,Bahrain,Sakhir,FORMULA 1 GULF AIR BAHRAIN GRAND PRIX 2020,20,1019,20,37,26,True,True,True,True,True,103.03174634655532,exports\backfill_qr_raw_laps\2020_R15_R_laps.csv,exports\backfill_qr_results\2020_R15_R_results.csv,ok
2020,16,Sakhir Grand Prix,Q,2020-12-05 17:00:00,Bahrain,Sakhir,FORMULA 1 ROLEX SAKHIR GRAND PRIX 2020,20,334,20,37,26,True,True,True,True,True,65.61814957264957,exports\backfill_qr_raw_laps\2020_R16_Q_laps.csv,exports\backfill_qr_results\2020_R16_Q_results.csv,ok
2020,16,Sakhir Grand Prix,R,2020-12-06 17:10:00,Bahrain,Sakhir,FORMULA 1 ROLEX SAKHIR GRAND PRIX 2020,20,1534,20,37,26,True,True,True,True,True,63.15025930764206,exports\backfill_qr_raw_laps\2020_R16_R_laps.csv,exports\backfill_qr_results\2020_R16_R_results.csv,ok
2020,17,Abu Dhabi Grand Prix,Q,2020-12-12 13:00:00,Abu Dhabi,Yas Island,FORMULA 1 ETIHAD AIRWAYS ABU DHABI GRAND PRIX 2020,20,266,20,37,26,True,True,True,True,True,111.15272067039106,exports\backfill_qr_raw_laps\2020_R17_Q_laps.csv,exports\backfill_qr_results\2020_R17_Q_results.csv,ok
2020,17,Abu Dhabi Grand Prix,R,2020-12-13 13:10:00,Abu Dhabi,Yas Island,FORMULA 1 ETIHAD AIRWAYS ABU DHABI GRAND PRIX 2020,20,1044,20,37,26,True,True,True,True,True,105.9105401960784,exports\backfill_qr_raw_laps\2020_R17_R_laps.csv,exports\backfill_qr_results\2020_R17_R_results.csv,ok
2021,1,Bahrain Grand Prix,Q,2021-03-27 15:00:00,Bahrain,Sakhir,FORMULA 1 GULF AIR BAHRAIN GRAND PRIX 2021,20,251,20,37,26,True,True,True,True,True,103.60103821656053,exports\backfill_qr_raw_laps\2021_R01_Q_laps.csv,exports\backfill_qr_results\2021_R01_Q_results.csv,ok
2021,1,Bahrain Grand Prix,R,2021-03-28 15:00:00,Bahrain,Sakhir,FORMULA 1 GULF AIR BAHRAIN GRAND PRIX 2021,20,1027,20,37,26,True,True,True,True,True,99.90260412573672,exports\backfill_qr_raw_laps\2021_R01_R_laps.csv,exports\backfill_qr_results\2021_R01_R_results.csv,ok
2021,2,Emilia Romagna Grand Prix,Q,2021-04-17 12:00:00,Italy,Imola,FORMULA 1 PIRELLI GRAN PREMIO DEL MADE IN ITALY E DELL'EMILIA ROMAGNA 2021,20,318,20,37,26,True,True,True,True,True,86.55801570680627,exports\backfill_qr_raw_laps\2021_R02_Q_laps.csv,exports\backfill_qr_results\2021_R02_Q_results.csv,ok
2021,2,Emilia Romagna Grand Prix,R,2021-04-18 13:00:00,Italy,Imola,FORMULA 1 PIRELLI GRAN PREMIO DEL MADE IN ITALY E DELL'EMILIA ROMAGNA 2021,20,1127,20,37,26,True,True,True,True,True,92.9834433272395,exports\backfill_qr_raw_laps\2021_R02_R_laps.csv,exports\backfill_qr_results\2021_R02_R_results.csv,ok
2021,3,Portuguese Grand Prix,Q,2021-05-01 14:00:00,Portugal,Portimão,FORMULA 1 HEINEKEN GRANDE PRÉMIO DE PORTUGAL 2021,20,364,20,37,26,True,True,True,True,True,90.32748134328358,exports\backfill_qr_raw_laps\2021_R03_Q_laps.csv,exports\backfill_qr_results\2021_R03_Q_results.csv,ok
2021,3,Portuguese Grand Prix,R,2021-05-02 14:00:00,Portugal,Portimão,FORMULA 1 HEINEKEN GRANDE PRÉMIO DE PORTUGAL 2021,20,1245,20,37,26,True,True,True,True,True,87.31556591639871,exports\backfill_qr_raw_laps\2021_R03_R_laps.csv,exports\backfill_qr_results\2021_R03_R_results.csv,ok
2021,4,Spanish Grand Prix,Q,2021-05-08 13:00:00,Spain,Barcelona,FORMULA 1 ARAMCO GRAN PREMIO DE ESPAÑA 2021,20,257,20,37,26,True,True,True,True,True,91.21598148148148,exports\backfill_qr_raw_laps\2021_R04_Q_laps.csv,exports\backfill_qr_results\2021_R04_Q_results.csv,ok
2021,4,Spanish Grand Prix,R,2021-05-09 13:00:00,Spain,Barcelona,FORMULA 1 ARAMCO GRAN PREMIO DE ESPAÑA 2021,20,1247,20,37,26,True,True,True,True,True,86.26580240963855,exports\backfill_qr_raw_laps\2021_R04_R_laps.csv,exports\backfill_qr_results\2021_R04_R_results.csv,ok
2021,5,Monaco Grand Prix,Q,2021-05-22 13:00:00,Monaco,Monte Carlo,FORMULA 1 GRAND PRIX DE MONACO 2021,20,425,19,37,26,True,True,True,True,True,83.97066381766382,exports\backfill_qr_raw_laps\2021_R05_Q_laps.csv,exports\backfill_qr_results\2021_R05_Q_results.csv,ok
2021,5,Monaco Grand Prix,R,2021-05-23 13:00:00,Monaco,Monte Carlo,FORMULA 1 GRAND PRIX DE MONACO 2021,20,1420,20,37,26,True,True,True,True,True,77.45793159379409,exports\backfill_qr_raw_laps\2021_R05_R_laps.csv,exports\backfill_qr_results\2021_R05_R_results.csv,ok
2021,6,Azerbaijan Grand Prix,Q,2021-06-05 12:00:00,Azerbaijan,Baku,FORMULA 1 AZERBAIJAN GRAND PRIX 2021,20,284,20,37,26,True,True,True,True,True,116.19853030303032,exports\backfill_qr_raw_laps\2021_R06_Q_laps.csv,exports\backfill_qr_results\2021_R06_Q_results.csv,ok
2021,6,Azerbaijan Grand Prix,R,2021-06-06 12:00:00,Azerbaijan,Baku,FORMULA 1 AZERBAIJAN GRAND PRIX 2021,20,943,20,37,26,True,True,True,True,True,110.3856875,exports\backfill_qr_raw_laps\2021_R06_R_laps.csv,exports\backfill_qr_results\2021_R06_R_results.csv,ok
2021,7,French Grand Prix,Q,2021-06-19 13:00:00,France,Le Castellet,FORMULA 1 EMIRATES GRAND PRIX DE FRANCE 2021,20,270,20,37,26,True,True,True,True,True,109.16074576271188,exports\backfill_qr_raw_laps\2021_R07_Q_laps.csv,exports\backfill_qr_results\2021_R07_Q_results.csv,ok
2021,7,French Grand Prix,R,2021-06-20 13:00:00,France,Le Castellet,FORMULA 1 EMIRATES GRAND PRIX DE FRANCE 2021,20,1051,20,37,26,True,True,True,True,True,100.6159590865842,exports\backfill_qr_raw_laps\2021_R07_R_laps.csv,exports\backfill_qr_results\2021_R07_R_results.csv,ok
2021,8,Styrian Grand Prix,Q,2021-06-26 13:00:00,Austria,Spielberg,FORMULA 1 BWT GROSSER PREIS DER STEIERMARK 2021,20,314,20,37,26,True,True,True,True,True,80.93907762557077,exports\backfill_qr_raw_laps\2021_R08_Q_laps.csv,exports\backfill_qr_results\2021_R08_Q_results.csv,ok
2021,8,Styrian Grand Prix,R,2021-06-27 13:00:00,Austria,Spielberg,FORMULA 1 BWT GROSSER PREIS DER STEIERMARK 2021,20,1296,20,37,26,True,True,True,True,True,71.27431298299847,exports\backfill_qr_raw_laps\2021_R08_R_laps.csv,exports\backfill_qr_results\2021_R08_R_results.csv,ok
2021,9,Austrian Grand Prix,Q,2021-07-03 13:00:00,Austria,Spielberg,FORMULA 1 BWT GROSSER PREIS VON ÖSTERREICH 2021,20,299,20,37,26,True,True,True,True,True,79.26968811881187,exports\backfill_qr_raw_laps\2021_R09_Q_laps.csv,exports\backfill_qr_results\2021_R09_Q_results.csv,ok
2021,9,Austrian Grand Prix,R,2021-07-04 13:00:00,Austria,Spielberg,FORMULA 1 BWT GROSSER PREIS VON ÖSTERREICH 2021,20,1338,20,37,26,True,True,True,True,True,72.03909131736526,exports\backfill_qr_raw_laps\2021_R09_R_laps.csv,exports\backfill_qr_results\2021_R09_R_results.csv,ok
2021,10,British Grand Prix,Q,2021-07-16 17:00:00,Great Britain,Silverstone,FORMULA 1 PIRELLI BRITISH GRAND PRIX 2021,20,302,20,37,26,True,True,True,True,True,100.88948557692308,exports\backfill_qr_raw_laps\2021_R10_Q_laps.csv,exports\backfill_qr_results\2021_R10_Q_results.csv,ok
2021,10,British Grand Prix,R,2021-07-18 14:00:00,Great Britain,Silverstone,FORMULA 1 PIRELLI BRITISH GRAND PRIX 2021,20,970,20,37,26,True,True,True,True,True,95.16289945945948,exports\backfill_qr_raw_laps\2021_R10_R_laps.csv,exports\backfill_qr_results\2021_R10_R_results.csv,ok
2021,11,Hungarian Grand Prix,Q,2021-07-31 13:00:00,Hungary,Budapest,FORMULA 1 ROLEX MAGYAR NAGYDÍJ 2021,20,253,19,37,26,True,True,True,True,True,90.03665822784811,exports\backfill_qr_raw_laps\2021_R11_Q_laps.csv,exports\backfill_qr_results\2021_R11_Q_results.csv,ok
2021,11,Hungarian Grand Prix,R,2021-08-01 13:00:00,Hungary,Budapest,FORMULA 1 ROLEX MAGYAR NAGYDÍJ 2021,20,985,20,37,26,True,True,True,True,True,85.22772526315791,exports\backfill_qr_raw_laps\2021_R11_R_laps.csv,exports\backfill_qr_results\2021_R11_R_results.csv,ok
2021,12,Belgian Grand Prix,Q,2021-08-28 13:00:00,Belgium,Spa-Francorchamps,FORMULA 1 ROLEX BELGIAN GRAND PRIX 2021,20,344,20,37,26,True,True,True,True,True,129.9897248908297,exports\backfill_qr_raw_laps\2021_R12_Q_laps.csv,exports\backfill_qr_results\2021_R12_Q_results.csv,ok
2021,12,Belgian Grand Prix,R,2021-08-29 13:00:00,Belgium,Spa-Francorchamps,FORMULA 1 ROLEX BELGIAN GRAND PRIX 2021,20,60,20,37,26,True,True,True,True,True,225.82395,exports\backfill_qr_raw_laps\2021_R12_R_laps.csv,exports\backfill_qr_results\2021_R12_R_results.csv,ok
2021,13,Dutch Grand Prix,Q,2021-09-04 13:00:00,Netherlands,Zandvoort,FORMULA 1 HEINEKEN DUTCH GRAND PRIX 2021,20,280,20,37,26,True,True,True,True,True,83.16339884393064,exports\backfill_qr_raw_laps\2021_R13_Q_laps.csv,exports\backfill_qr_results\2021_R13_Q_results.csv,ok
2021,13,Dutch Grand Prix,R,2021-09-05 13:00:00,Netherlands,Zandvoort,FORMULA 1 HEINEKEN DUTCH GRAND PRIX 2021,20,1361,20,37,26,True,True,True,True,True,77.11578912564292,exports\backfill_qr_raw_laps\2021_R13_R_laps.csv,exports\backfill_qr_results\2021_R13_R_results.csv,ok
2021,14,Italian Grand Prix,Q,2021-09-10 16:00:00,Italy,Monza,FORMULA 1 HEINEKEN GRAN PREMIO D’ITALIA 2021,20,290,20,37,26,True,True,True,True,True,95.60012169312172,exports\backfill_qr_raw_laps\2021_R14_Q_laps.csv,exports\backfill_qr_results\2021_R14_Q_results.csv,ok
2021,14,Italian Grand Prix,R,2021-09-12 13:00:00,Italy,Monza,FORMULA 1 HEINEKEN GRAN PREMIO D’ITALIA 2021,20,892,20,37,26,True,True,True,True,True,90.57947546728973,exports\backfill_qr_raw_laps\2021_R14_R_laps.csv,exports\backfill_qr_results\2021_R14_R_results.csv,ok
2021,15,Russian Grand Prix,Q,2021-09-25 12:00:00,Russia,Sochi,FORMULA 1 VTB RUSSIAN GRAND PRIX 2021,20,361,20,37,26,True,True,True,True,True,118.65355319148938,exports\backfill_qr_raw_laps\2021_R15_Q_laps.csv,exports\backfill_qr_results\2021_R15_Q_results.csv,ok
2021,15,Russian Grand Prix,R,2021-09-26 12:00:00,Russia,Sochi,FORMULA 1 VTB RUSSIAN GRAND PRIX 2021,20,1025,20,37,26,True,True,True,True,True,104.22047890088322,exports\backfill_qr_raw_laps\2021_R15_R_laps.csv,exports\backfill_qr_results\2021_R15_R_results.csv,ok
2021,16,Turkish Grand Prix,Q,2021-10-09 12:00:00,Turkey,Istanbul,FORMULA 1 ROLEX TURKISH GRAND PRIX 2021,20,395,20,37,26,True,True,True,True,True,96.65405315614618,exports\backfill_qr_raw_laps\2021_R16_Q_laps.csv,exports\backfill_qr_results\2021_R16_Q_results.csv,ok
2021,16,Turkish Grand Prix,R,2021-10-10 12:00:00,Turkey,Istanbul,FORMULA 1 ROLEX TURKISH GRAND PRIX 2021,20,1147,20,37,26,True,True,True,True,True,95.78551134380452,exports\backfill_qr_raw_laps\2021_R16_R_laps.csv,exports\backfill_qr_results\2021_R16_R_results.csv,ok
2021,17,United States Grand Prix,Q,2021-10-23 21:00:00,United States,Austin,FORMULA 1 ARAMCO UNITED STATES GRAND PRIX 2021,20,249,20,37,26,True,True,True,True,True,108.98354088050316,exports\backfill_qr_raw_laps\2021_R17_Q_laps.csv,exports\backfill_qr_results\2021_R17_Q_results.csv,ok
2021,17,United States Grand Prix,R,2021-10-24 19:00:00,United States,Austin,FORMULA 1 ARAMCO UNITED STATES GRAND PRIX 2021,20,1044,20,37,26,True,True,True,True,True,103.7375641762452,exports\backfill_qr_raw_laps\2021_R17_R_laps.csv,exports\backfill_qr_results\2021_R17_R_results.csv,ok
2021,18,Mexico City Grand Prix,Q,2021-11-06 20:00:00,Mexico,Mexico City,FORMULA 1 GRAN PREMIO DE LA CIUDAD DE MÉXICO 2021,20,311,20,37,26,True,True,True,True,True,90.27684816753926,exports\backfill_qr_raw_laps\2021_R18_Q_laps.csv,exports\backfill_qr_results\2021_R18_Q_results.csv,ok
2021,18,Mexico City Grand Prix,R,2021-11-07 19:00:00,Mexico,Mexico City,FORMULA 1 GRAN PREMIO DE LA CIUDAD DE MÉXICO 2021,20,1261,20,37,26,True,True,True,True,True,85.12855679110406,exports\backfill_qr_raw_laps\2021_R18_R_laps.csv,exports\backfill_qr_results\2021_R18_R_results.csv,ok
2021,19,São Paulo Grand Prix,Q,2021-11-12 19:00:00,Brazil,São Paulo,FORMULA 1 HEINEKEN GRANDE PRÊMIO DE SÃO PAULO 2021,20,323,20,37,26,True,True,True,True,True,82.36678475336322,exports\backfill_qr_raw_laps\2021_R19_Q_laps.csv,exports\backfill_qr_results\2021_R19_Q_results.csv,ok
2021,19,São Paulo Grand Prix,R,2021-11-14 17:00:00,Brazil,São Paulo,FORMULA 1 HEINEKEN GRANDE PRÊMIO DE SÃO PAULO 2021,20,1360,20,37,26,True,True,True,True,True,79.61181911764706,exports\backfill_qr_raw_laps\2021_R19_R_laps.csv,exports\backfill_qr_results\2021_R19_R_results.csv,ok
2021,20,Qatar Grand Prix,Q,2021-11-20 14:00:00,Qatar,Lusail,FORMULA 1 OOREDOO QATAR GRAND PRIX 2021,20,310,20,37,26,True,True,True,True,True,104.91148803827751,exports\backfill_qr_raw_laps\2021_R20_Q_laps.csv,exports\backfill_qr_results\2021_R20_Q_results.csv,ok
2021,20,Qatar Grand Prix,R,2021-11-21 14:00:00,Qatar,Lusail,FORMULA 1 OOREDOO QATAR GRAND PRIX 2021,20,1114,20,37,26,True,True,True,True,True,90.71021602160216,exports\backfill_qr_raw_laps\2021_R20_R_laps.csv,exports\backfill_qr_results\2021_R20_R_results.csv,ok
2021,21,Saudi Arabian Grand Prix,Q,2021-12-04 17:00:00,Saudi Arabia,Jeddah,FORMULA 1 STC SAUDI ARABIAN GRAND PRIX 2021,20,359,20,37,26,True,True,True,True,True,107.56990774907749,exports\backfill_qr_raw_laps\2021_R21_Q_laps.csv,exports\backfill_qr_results\2021_R21_Q_results.csv,ok
2021,21,Saudi Arabian Grand Prix,R,2021-12-05 17:30:00,Saudi Arabia,Jeddah,FORMULA 1 STC SAUDI ARABIAN GRAND PRIX 2021,20,845,20,37,26,True,True,True,True,True,100.19881805745555,exports\backfill_qr_raw_laps\2021_R21_R_laps.csv,exports\backfill_qr_results\2021_R21_R_results.csv,ok
2021,22,Abu Dhabi Grand Prix,Q,2021-12-11 13:00:00,Abu Dhabi,Yas Island,FORMULA 1 ETIHAD AIRWAYS ABU DHABI GRAND PRIX 2021,20,328,20,37,26,True,True,True,True,True,99.49492342342342,exports\backfill_qr_raw_laps\2021_R22_Q_laps.csv,exports\backfill_qr_results\2021_R22_Q_results.csv,ok
2021,22,Abu Dhabi Grand Prix,R,2021-12-12 13:00:00,Abu Dhabi,Yas Island,FORMULA 1 ETIHAD AIRWAYS ABU DHABI GRAND PRIX 2021,20,1000,19,37,26,True,True,True,True,True,93.38142669362993,exports\backfill_qr_raw_laps\2021_R22_R_laps.csv,exports\backfill_qr_results\2021_R22_R_results.csv,ok
2022,1,Bahrain Grand Prix,Q,2022-03-19 15:00:00,Bahrain,Sakhir,FORMULA 1 GULF AIR BAHRAIN GRAND PRIX 2022,20,256,20,37,26,True,True,True,True,True,103.0011090909091,exports\backfill_qr_raw_laps\2022_R01_Q_laps.csv,exports\backfill_qr_results\2022_R01_Q_results.csv,ok
2022,1,Bahrain Grand Prix,R,2022-03-20 15:00:00,Bahrain,Sakhir,FORMULA 1 GULF AIR BAHRAIN GRAND PRIX 2022,20,1125,20,37,26,True,True,True,True,True,102.90455813953488,exports\backfill_qr_raw_laps\2022_R01_R_laps.csv,exports\backfill_qr_results\2022_R01_R_results.csv,ok
2022,2,Saudi Arabian Grand Prix,Q,2022-03-26 17:00:00,Saudi Arabia,Jeddah,FORMULA 1 STC SAUDI ARABIAN GRAND PRIX 2022,20,327,20,37,26,True,True,True,True,True,105.63153051643194,exports\backfill_qr_raw_laps\2022_R02_Q_laps.csv,exports\backfill_qr_results\2022_R02_Q_results.csv,ok
2022,2,Saudi Arabian Grand Prix,R,2022-03-27 17:00:00,Saudi Arabia,Jeddah,FORMULA 1 STC SAUDI ARABIAN GRAND PRIX 2022,20,820,18,37,26,True,True,True,True,True,99.20653886010363,exports\backfill_qr_raw_laps\2022_R02_R_laps.csv,exports\backfill_qr_results\2022_R02_R_results.csv,ok
2022,3,Australian Grand Prix,Q,2022-04-09 06:00:00,Australia,Melbourne,FORMULA 1 HEINEKEN AUSTRALIAN GRAND PRIX 2022,20,338,20,37,26,True,True,True,True,True,95.94612195121951,exports\backfill_qr_raw_laps\2022_R03_Q_laps.csv,exports\backfill_qr_results\2022_R03_Q_results.csv,ok
2022,3,Australian Grand Prix,R,2022-04-10 05:00:00,Australia,Melbourne,FORMULA 1 HEINEKEN AUSTRALIAN GRAND PRIX 2022,20,1045,20,37,26,True,True,True,True,True,91.17116569200779,exports\backfill_qr_raw_laps\2022_R03_R_laps.csv,exports\backfill_qr_results\2022_R03_R_results.csv,ok
2022,4,Emilia Romagna Grand Prix,Q,2022-04-22 15:00:00,Italy,Imola,FORMULA 1 ROLEX GRAN PREMIO DEL MADE IN ITALY E DELL'EMILIA-ROMAGNA 2022,20,338,20,37,26,True,True,True,True,True,92.40983582089552,exports\backfill_qr_raw_laps\2022_R04_Q_laps.csv,exports\backfill_qr_results\2022_R04_Q_results.csv,ok
2022,4,Emilia Romagna Grand Prix,R,2022-04-24 13:00:00,Italy,Imola,FORMULA 1 ROLEX GRAN PREMIO DEL MADE IN ITALY E DELL'EMILIA-ROMAGNA 2022,20,1132,20,37,26,True,True,True,True,True,88.91487744227354,exports\backfill_qr_raw_laps\2022_R04_R_laps.csv,exports\backfill_qr_results\2022_R04_R_results.csv,ok
2022,5,Miami Grand Prix,Q,2022-05-07 20:00:00,United States,Miami,FORMULA 1 CRYPTO.COM MIAMI GRAND PRIX 2022,20,333,19,37,26,True,True,True,True,True,106.00261702127659,exports\backfill_qr_raw_laps\2022_R05_Q_laps.csv,exports\backfill_qr_results\2022_R05_Q_results.csv,ok
2022,5,Miami Grand Prix,R,2022-05-08 19:30:00,United States,Miami,FORMULA 1 CRYPTO.COM MIAMI GRAND PRIX 2022,20,1057,20,37,26,True,True,True,True,True,98.04429354207436,exports\backfill_qr_raw_laps\2022_R05_R_laps.csv,exports\backfill_qr_results\2022_R05_R_results.csv,ok
2022,6,Spanish Grand Prix,Q,2022-05-21 14:00:00,Spain,Barcelona,FORMULA 1 PIRELLI GRAN PREMIO DE ESPAÑA 2022,20,254,20,37,26,True,True,True,True,True,94.12356707317073,exports\backfill_qr_raw_laps\2022_R06_Q_laps.csv,exports\backfill_qr_results\2022_R06_Q_results.csv,ok
2022,6,Spanish Grand Prix,R,2022-05-22 13:00:00,Spain,Barcelona,FORMULA 1 PIRELLI GRAN PREMIO DE ESPAÑA 2022,20,1230,20,37,26,True,True,True,True,True,90.0716105691057,exports\backfill_qr_raw_laps\2022_R06_R_laps.csv,exports\backfill_qr_results\2022_R06_R_results.csv,ok
2022,7,Monaco Grand Prix,Q,2022-05-28 14:00:00,Monaco,Monaco,FORMULA 1 GRAND PRIX DE MONACO 2022,20,404,20,37,26,True,True,True,True,True,88.34522875816994,exports\backfill_qr_raw_laps\2022_R07_Q_laps.csv,exports\backfill_qr_results\2022_R07_Q_results.csv,ok
2022,7,Monaco Grand Prix,R,2022-05-29 13:00:00,Monaco,Monaco,FORMULA 1 GRAND PRIX DE MONACO 2022,20,1179,20,37,26,True,True,True,True,True,91.66925411968776,exports\backfill_qr_raw_laps\2022_R07_R_laps.csv,exports\backfill_qr_results\2022_R07_R_results.csv,ok
2022,8,Azerbaijan Grand Prix,Q,2022-06-11 14:00:00,Azerbaijan,Baku,FORMULA 1 AZERBAIJAN GRAND PRIX 2022,20,317,20,37,26,True,True,True,True,True,118.4054504950495,exports\backfill_qr_raw_laps\2022_R08_Q_laps.csv,exports\backfill_qr_results\2022_R08_Q_results.csv,ok
2022,8,Azerbaijan Grand Prix,R,2022-06-12 11:00:00,Azerbaijan,Baku,FORMULA 1 AZERBAIJAN GRAND PRIX 2022,20,891,20,37,26,True,True,True,True,True,111.8732259174312,exports\backfill_qr_raw_laps\2022_R08_R_laps.csv,exports\backfill_qr_results\2022_R08_R_results.csv,ok
2022,9,Canadian Grand Prix,Q,2022-06-18 20:00:00,Canada,Montréal,FORMULA 1 AWS GRAND PRIX DU CANADA 2022,20,432,20,37,26,True,True,True,True,True,98.71781868131866,exports\backfill_qr_raw_laps\2022_R09_Q_laps.csv,exports\backfill_qr_results\2022_R09_Q_results.csv,ok
2022,9,Canadian Grand Prix,R,2022-06-19 18:00:00,Canada,Montréal,FORMULA 1 AWS GRAND PRIX DU CANADA 2022,20,1264,20,37,26,True,True,True,True,True,82.985412044374,exports\backfill_qr_raw_laps\2022_R09_R_laps.csv,exports\backfill_qr_results\2022_R09_R_results.csv,ok
2022,10,British Grand Prix,Q,2022-07-02 14:00:00,Great Britain,Silverstone,FORMULA 1 LENOVO BRITISH GRAND PRIX 2022,20,392,20,37,26,True,True,True,True,True,110.73123391812867,exports\backfill_qr_raw_laps\2022_R10_Q_laps.csv,exports\backfill_qr_results\2022_R10_Q_results.csv,ok
2022,10,British Grand Prix,R,2022-07-03 14:00:00,Great Britain,Silverstone,FORMULA 1 LENOVO BRITISH GRAND PRIX 2022,20,815,20,37,26,True,True,True,True,True,98.43730271668824,exports\backfill_qr_raw_laps\2022_R10_R_laps.csv,exports\backfill_qr_results\2022_R10_R_results.csv,ok
2022,11,Austrian Grand Prix,Q,2022-07-08 15:00:00,Austria,Spielberg,FORMULA 1 ROLEX GROSSER PREIS VON ÖSTERREICH 2022,20,368,20,37,26,True,True,True,True,True,80.37493410852713,exports\backfill_qr_raw_laps\2022_R11_Q_laps.csv,exports\backfill_qr_results\2022_R11_Q_results.csv,ok
2022,11,Austrian Grand Prix,R,2022-07-10 13:00:00,Austria,Spielberg,FORMULA 1 ROLEX GROSSER PREIS VON ÖSTERREICH 2022,20,1324,20,37,26,True,True,True,True,True,72.46210355253213,exports\backfill_qr_raw_laps\2022_R11_R_laps.csv,exports\backfill_qr_results\2022_R11_R_results.csv,ok
2022,12,French Grand Prix,Q,2022-07-23 14:00:00,France,Le Castellet,FORMULA 1 LENOVO GRAND PRIX DE FRANCE 2022,20,262,20,37,26,True,True,True,True,True,108.10194915254236,exports\backfill_qr_raw_laps\2022_R12_Q_laps.csv,exports\backfill_qr_results\2022_R12_Q_results.csv,ok
2022,12,French Grand Prix,R,2022-07-24 13:00:00,France,Le Castellet,FORMULA 1 LENOVO GRAND PRIX DE FRANCE 2022,20,958,20,37,26,True,True,True,True,True,102.5210582010582,exports\backfill_qr_raw_laps\2022_R12_R_laps.csv,exports\backfill_qr_results\2022_R12_R_results.csv,ok
2022,13,Hungarian Grand Prix,Q,2022-07-30 14:00:00,Hungary,Budapest,FORMULA 1 ARAMCO MAGYAR NAGYDÍJ 2022,20,334,20,37,26,True,True,True,True,True,94.1974243697479,exports\backfill_qr_raw_laps\2022_R13_Q_laps.csv,exports\backfill_qr_results\2022_R13_Q_results.csv,ok
2022,13,Hungarian Grand Prix,R,2022-07-31 13:00:00,Hungary,Budapest,FORMULA 1 ARAMCO MAGYAR NAGYDÍJ 2022,20,1383,20,37,26,True,True,True,True,True,86.66092764109986,exports\backfill_qr_raw_laps\2022_R13_R_laps.csv,exports\backfill_qr_results\2022_R13_R_results.csv,ok
2022,14,Belgian Grand Prix,Q,2022-08-27 14:00:00,Belgium,Spa-Francorchamps,FORMULA 1 ROLEX BELGIAN GRAND PRIX 2022,20,240,20,37,26,True,True,True,True,True,120.58930821917806,exports\backfill_qr_raw_laps\2022_R14_Q_laps.csv,exports\backfill_qr_results\2022_R14_Q_results.csv,ok
2022,14,Belgian Grand Prix,R,2022-08-28 13:00:00,Belgium,Spa-Francorchamps,FORMULA 1 ROLEX BELGIAN GRAND PRIX 2022,20,792,20,37,26,True,True,True,True,True,115.95985106382977,exports\backfill_qr_raw_laps\2022_R14_R_laps.csv,exports\backfill_qr_results\2022_R14_R_results.csv,ok
2022,15,Dutch Grand Prix,Q,2022-09-03 13:00:00,Netherlands,Zandvoort,FORMULA 1 HEINEKEN DUTCH GRAND PRIX 2022,20,279,20,37,26,True,True,True,True,True,86.49298412698413,exports\backfill_qr_raw_laps\2022_R15_Q_laps.csv,exports\backfill_qr_results\2022_R15_Q_results.csv,ok
2022,15,Dutch Grand Prix,R,2022-09-04 13:00:00,Netherlands,Zandvoort,FORMULA 1 HEINEKEN DUTCH GRAND PRIX 2022,20,1392,20,37,26,True,True,True,True,True,80.76269956772335,exports\backfill_qr_raw_laps\2022_R15_R_laps.csv,exports\backfill_qr_results\2022_R15_R_results.csv,ok
2022,16,Italian Grand Prix,Q,2022-09-10 14:00:00,Italy,Monza,FORMULA 1 PIRELLI GRAN PREMIO D’ITALIA 2022,20,260,20,37,26,True,True,True,True,True,95.5392411764706,exports\backfill_qr_raw_laps\2022_R16_Q_laps.csv,exports\backfill_qr_results\2022_R16_Q_results.csv,ok
2022,16,Italian Grand Prix,R,2022-09-11 13:00:00,Italy,Monza,FORMULA 1 PIRELLI GRAN PREMIO D’ITALIA 2022,20,971,20,37,26,True,True,True,True,True,91.1930340909091,exports\backfill_qr_raw_laps\2022_R16_R_laps.csv,exports\backfill_qr_results\2022_R16_R_results.csv,ok
2022,17,Singapore Grand Prix,Q,2022-10-01 13:00:00,Singapore,Marina Bay,FORMULA 1 SINGAPORE AIRLINES SINGAPORE GRAND PRIX 2022,20,339,20,37,26,True,True,True,True,True,125.05261864406779,exports\backfill_qr_raw_laps\2022_R17_Q_laps.csv,exports\backfill_qr_results\2022_R17_Q_results.csv,ok
2022,17,Singapore Grand Prix,R,2022-10-02 12:00:00,Singapore,Marina Bay,FORMULA 1 SINGAPORE AIRLINES SINGAPORE GRAND PRIX 2022,20,945,20,37,26,True,True,True,True,True,121.72259737156512,exports\backfill_qr_raw_laps\2022_R17_R_laps.csv,exports\backfill_qr_results\2022_R17_R_results.csv,ok
2022,18,Japanese Grand Prix,Q,2022-10-08 06:00:00,Japan,Suzuka,FORMULA 1 HONDA JAPANESE GRAND PRIX 2022,20,253,20,37,26,True,True,True,True,True,104.82626785714287,exports\backfill_qr_raw_laps\2022_R18_Q_laps.csv,exports\backfill_qr_results\2022_R18_Q_results.csv,ok
2022,18,Japanese Grand Prix,R,2022-10-09 05:00:00,Japan,Suzuka,FORMULA 1 HONDA JAPANESE GRAND PRIX 2022,20,507,20,37,26,True,True,True,True,True,112.30207175925926,exports\backfill_qr_raw_laps\2022_R18_R_laps.csv,exports\backfill_qr_results\2022_R18_R_results.csv,ok
2022,19,United States Grand Prix,Q,2022-10-22 22:00:00,United States,Austin,FORMULA 1 ARAMCO UNITED STATES GRAND PRIX 2022,20,258,20,37,26,True,True,True,True,True,110.51926315789473,exports\backfill_qr_raw_laps\2022_R19_Q_laps.csv,exports\backfill_qr_results\2022_R19_Q_results.csv,ok
2022,19,United States Grand Prix,R,2022-10-23 19:00:00,United States,Austin,FORMULA 1 ARAMCO UNITED STATES GRAND PRIX 2022,20,992,20,37,26,True,True,True,True,True,106.26120588235295,exports\backfill_qr_raw_laps\2022_R19_R_laps.csv,exports\backfill_qr_results\2022_R19_R_results.csv,ok
2022,20,Mexico City Grand Prix,Q,2022-10-29 21:00:00,Mexico,Mexico City,FORMULA 1 HEINEKEN GRAN PREMIO DE LA CIUDAD DE MÉXICO 2022,20,298,20,37,26,True,True,True,True,True,91.73944390243902,exports\backfill_qr_raw_laps\2022_R20_Q_laps.csv,exports\backfill_qr_results\2022_R20_Q_results.csv,ok
2022,20,Mexico City Grand Prix,R,2022-10-30 20:00:00,Mexico,Mexico City,FORMULA 1 HEINEKEN GRAN PREMIO DE LA CIUDAD DE MÉXICO 2022,20,1379,20,37,26,True,True,True,True,True,84.88272786647315,exports\backfill_qr_raw_laps\2022_R20_R_laps.csv,exports\backfill_qr_results\2022_R20_R_results.csv,ok
2022,21,São Paulo Grand Prix,Q,2022-11-11 19:00:00,Brazil,São Paulo,FORMULA 1 HEINEKEN GRANDE PRÊMIO DE SÃO PAULO 2022,20,416,20,37,26,True,True,True,True,True,87.05152976190476,exports\backfill_qr_raw_laps\2022_R21_Q_laps.csv,exports\backfill_qr_results\2022_R21_Q_results.csv,ok
2022,21,São Paulo Grand Prix,R,2022-11-13 18:00:00,Brazil,São Paulo,FORMULA 1 HEINEKEN GRANDE PRÊMIO DE SÃO PAULO 2022,20,1259,20,37,26,True,True,True,True,True,83.60228582802547,exports\backfill_qr_raw_laps\2022_R21_R_laps.csv,exports\backfill_qr_results\2022_R21_R_results.csv,ok
2022,22,Abu Dhabi Grand Prix,Q,2022-11-19 14:00:00,Abu Dhabi,Yas Island,FORMULA 1 ETIHAD AIRWAYS ABU DHABI GRAND PRIX 2022,20,287,20,37,26,True,True,True,True,True,100.03561734693878,exports\backfill_qr_raw_laps\2022_R22_Q_laps.csv,exports\backfill_qr_results\2022_R22_Q_results.csv,ok
2022,22,Abu Dhabi Grand Prix,R,2022-11-20 13:00:00,Abu Dhabi,Yas Island,FORMULA 1 ETIHAD AIRWAYS ABU DHABI GRAND PRIX 2022,20,1117,20,37,26,True,True,True,True,True,92.20473052820053,exports\backfill_qr_raw_laps\2022_R22_R_laps.csv,exports\backfill_qr_results\2022_R22_R_results.csv,ok
